Date,Time,Part No,Pressure,CO2 Weld Flow,Feed,Primary Weld Current,Wire Consumed,Secondary Weld Voltage,Remarks 
4/1/2023,06:00:38.344,04-01-23-0033-00,3.80,-0.03,0.00,0.00,0.33,0.00
4/1/2023,06:00:38.454,04-01-23-0033-00,3.80,0.00,0.00,0.00,0.33,0.00
4/1/2023,06:00:38.563,04-01-23-0033-00,3.80,-0.02,0.00,0.00,0.33,0.00
4/1/2023,06:00:38.672,04-01-23-0033-00,3.80,0.02,0.00,0.00,0.33,0.00
4/1/2023,06:00:38.782,04-01-23-0033-00,3.80,-0.01,0.00,0.00,0.33,0.00
4/1/2023,06:00:38.891,04-01-23-0033-00,3.80,0.01,0.00,0.00,0.33,0.00
4/1/2023,06:00:39.000,04-01-23-0033-00,3.80,-0.01,0.00,0.00,0.33,0.00
4/1/2023,06:00:39.110,04-01-23-0033-00,3.80,0.01,0.00,0.00,0.33,0.00
4/1/2023,06:00:39.219,04-01-23-0033-00,3.80,-0.01,0.33,0.00,0.33,0.00
4/1/2023,06:00:39.328,04-01-23-0033-00,3.79,0.01,0.33,0.00,0.33,0.00
4/1/2023,06:00:39.470,04-01-23-0033-00,3.79,0.00,0.33,0.00,0.33,0.00
4/1/2023,06:00:39.602,04-01-23-0033-00,3.79,-0.03,0.33,0.00,0.33,0.00
4/1/2023,06:00:39.718,04-01-23-0033-00,3.79,0.00,0.33,0.00,0.33,0.00
4/1/2023,06:00:39.849,04-01-23-0033-00,3.79,-0.01,0.33,0.00,0.33,0.00
4/1/2023,06:00:39.972,04-01-23-0033-00,3.79,-0.02,0.33,0.00,0.33,0.00
4/1/2023,06:00:40.156,04-01-23-0033-00,3.79,0.00,0.33,0.00,0.33,0.00
4/1/2023,06:00:40.219,04-01-23-0033-00,3.79,0.00,0.33,0.00,0.33,0.00
4/1/2023,06:00:40.319,04-01-23-0033-00,3.79,0.00,0.16,0.00,0.33,0.00
4/1/2023,06:00:40.435,04-01-23-0033-00,3.74,-0.03,0.16,0.00,0.33,0.00
4/1/2023,06:00:40.557,04-01-23-0033-00,3.74,0.00,0.16,0.00,0.33,0.00
4/1/2023,06:00:40.658,04-01-23-0033-00,3.74,-0.01,0.16,0.00,0.33,0.00
4/1/2023,06:00:40.774,04-01-23-0033-00,3.74,0.02,0.16,0.00,0.33,0.00
4/1/2023,06:00:40.874,04-01-23-0033-00,3.74,-0.01,0.16,0.00,0.33,0.00
4/1/2023,06:00:40.990,04-01-23-0033-00,3.74,-0.01,0.16,0.00,0.33,0.00
4/1/2023,06:00:41.074,04-01-23-0033-00,3.74,-0.01,0.16,0.00,0.33,0.00
4/1/2023,06:00:41.190,04-01-23-0033-00,3.74,0.00,0.16,0.00,0.33,0.00
4/1/2023,06:00:41.290,04-01-23-0033-00,3.74,0.00,0.11,0.00,0.33,0.00
4/1/2023,06:00:41.406,04-01-23-0033-00,3.77,0.02,0.11,0.00,0.33,0.00
4/1/2023,06:00:41.522,04-01-23-0033-00,3.77,0.02,0.11,0.00,0.33,0.00
4/1/2023,06:00:41.622,04-01-23-0033-00,3.77,0.00,0.11,0.00,0.33,0.00
4/1/2023,06:00:41.754,04-01-23-0033-00,3.77,0.00,0.11,0.00,0.33,0.00
4/1/2023,06:00:41.838,04-01-23-0033-00,3.77,0.02,0.11,0.00,0.33,0.00
4/1/2023,06:00:41.954,04-01-23-0033-00,3.77,-0.02,0.11,0.00,0.33,0.00
4/1/2023,06:00:42.055,04-01-23-0033-00,3.77,0.00,0.11,0.00,0.33,0.00
4/1/2023,06:00:42.177,04-01-23-0033-00,3.77,0.01,0.11,0.00,0.33,0.00
4/1/2023,06:00:42.293,04-01-23-0033-00,3.77,0.01,0.08,0.00,0.33,0.00
4/1/2023,06:00:42.424,04-01-23-0033-00,3.67,0.02,0.08,0.00,0.33,0.00
4/1/2023,06:00:42.556,04-01-23-0033-00,3.67,0.00,0.08,0.00,0.33,0.00
4/1/2023,06:00:42.694,04-01-23-0033-00,3.67,0.01,0.08,0.00,0.33,0.00
4/1/2023,06:00:42.841,04-01-23-0033-00,3.67,0.02,0.08,0.00,0.33,0.00
4/1/2023,06:00:42.979,04-01-23-0033-00,3.67,0.02,0.08,0.00,0.33,0.00
4/1/2023,06:00:43.041,04-01-23-0033-00,3.67,0.02,0.08,0.00,0.33,0.00
4/1/2023,06:00:43.157,04-01-23-0033-00,3.67,0.00,0.08,0.00,0.33,0.00
4/1/2023,06:00:43.257,04-01-23-0033-00,3.67,0.00,0.07,1.83,0.33,0.06
4/1/2023,06:00:43.380,04-01-23-0033-00,3.73,0.02,0.07,1.29,0.33,0.09
4/1/2023,06:00:43.480,04-01-23-0033-00,3.73,0.02,0.07,1.34,0.33,0.09
4/1/2023,06:00:43.596,04-01-23-0033-00,3.73,0.01,0.07,1.89,0.33,0.06
4/1/2023,06:00:43.696,04-01-23-0033-00,3.73,0.00,0.07,1.84,0.33,0.06
4/1/2023,06:00:43.812,04-01-23-0033-00,3.73,-0.01,0.07,2.43,0.33,0.02
4/1/2023,06:00:43.912,04-01-23-0033-00,3.73,0.00,0.10,2.23,0.49,0.04
4/1/2023,06:00:44.028,04-01-23-0033-00,3.73,-0.03,0.10,3.63,0.49,39.83
4/1/2023,06:00:44.144,04-01-23-0033-00,3.73,0.00,0.10,3.50,0.49,40.23
4/1/2023,06:00:44.244,04-01-23-0033-00,3.73,0.00,0.08,3.21,0.49,40.23
4/1/2023,06:00:44.360,04-01-23-0033-00,1.22,0.02,0.11,5.45,0.66,40.23
4/1/2023,06:00:44.460,04-01-23-0033-00,1.22,0.01,0.46,169.63,2.79,34.84
4/1/2023,06:00:44.583,04-01-23-0033-00,1.22,3.40,2.65,184.64,15.90,24.62
4/1/2023,06:00:44.683,04-01-23-0033-00,1.22,4.87,4.04,176.50,24.26,21.71
4/1/2023,06:00:44.799,04-01-23-0033-00,1.22,7.06,5.00,168.49,30.00,20.82
4/1/2023,06:00:44.899,04-01-23-0033-00,1.22,9.01,5.66,173.13,33.93,21.23
4/1/2023,06:00:45.015,04-01-23-0033-00,1.22,11.52,7.40,174.85,44.43,20.39
4/1/2023,06:00:45.115,04-01-23-0033-00,1.22,13.94,8.77,170.99,52.62,21.16
4/1/2023,06:00:45.231,04-01-23-0033-00,1.22,16.81,8.36,166.68,58.52,20.55
4/1/2023,06:00:45.347,04-01-23-0033-00,0.30,19.77,9.41,170.83,65.90,21.01
4/1/2023,06:00:45.447,04-01-23-0033-00,0.30,21.95,10.68,158.86,74.75,20.76
4/1/2023,06:00:45.563,04-01-23-0033-00,0.30,24.39,11.80,174.11,82.62,20.58
4/1/2023,06:00:45.664,04-01-23-0033-00,0.30,26.43,12.55,177.63,87.87,20.93
4/1/2023,06:00:45.786,04-01-23-0033-00,0.30,28.53,13.96,178.05,97.70,20.16
4/1/2023,06:00:45.886,04-01-23-0033-00,0.30,30.12,15.08,171.95,105.57,20.75
4/1/2023,06:00:46.002,04-01-23-0033-00,0.30,31.83,16.02,175.68,112.13,20.65
4/1/2023,06:00:46.103,04-01-23-0033-00,0.30,33.27,17.03,171.99,119.18,20.68
4/1/2023,06:00:46.218,04-01-23-0033-00,0.30,34.80,16.07,170.34,128.52,20.93
4/1/2023,06:00:46.319,04-01-23-0033-00,0.10,35.97,16.80,169.20,134.43,20.88
4/1/2023,06:00:46.435,04-01-23-0033-00,0.10,37.24,17.79,171.50,142.30,21.11
4/1/2023,06:00:46.551,04-01-23-0033-00,0.10,38.44,18.98,176.13,151.80,20.52
4/1/2023,06:00:46.651,04-01-23-0033-00,0.10,39.36,19.82,170.74,158.52,20.67
4/1/2023,06:00:46.767,04-01-23-0033-00,0.10,40.43,20.72,167.01,165.74,21.09
4/1/2023,06:00:46.867,04-01-23-0033-00,0.10,41.28,21.68,175.08,173.44,20.92
4/1/2023,06:00:46.989,04-01-23-0033-00,0.10,42.24,22.83,174.63,182.62,20.46
4/1/2023,06:00:47.090,04-01-23-0033-00,0.10,42.91,23.63,174.68,189.02,20.75
4/1/2023,06:00:47.206,04-01-23-0033-00,0.10,43.54,21.89,165.44,197.05,20.66
4/1/2023,06:00:47.306,04-01-23-0033-00,0.03,44.00,22.79,172.49,205.08,21.10
4/1/2023,06:00:47.422,04-01-23-0033-00,0.03,44.44,23.72,173.54,213.44,20.70
4/1/2023,06:00:47.522,04-01-23-0033-00,0.03,44.76,24.46,175.56,220.16,20.68
4/1/2023,06:00:47.638,04-01-23-0033-00,0.03,45.04,25.34,174.95,228.03,20.91
4/1/2023,06:00:47.754,04-01-23-0033-00,0.03,45.23,26.27,169.04,236.39,20.76
4/1/2023,06:00:47.854,04-01-23-0033-00,0.03,45.35,26.92,170.04,242.30,21.09
4/1/2023,06:00:47.970,04-01-23-0033-00,0.03,45.38,27.92,177.31,251.31,20.83
4/1/2023,06:00:48.070,04-01-23-0033-00,0.03,45.30,28.91,170.41,260.16,20.70
4/1/2023,06:00:48.193,04-01-23-0033-00,0.03,45.15,29.98,170.26,269.84,20.71
4/1/2023,06:00:48.293,04-01-23-0033-00,0.03,44.82,27.64,172.16,276.39,20.71
4/1/2023,06:00:48.409,04-01-23-0033-00,0.03,44.38,28.33,172.24,283.28,20.29
4/1/2023,06:00:48.509,04-01-23-0033-00,0.03,43.93,28.87,176.78,288.69,20.90
4/1/2023,06:00:48.625,04-01-23-0033-00,0.03,43.23,29.70,174.06,297.05,20.77
4/1/2023,06:00:48.725,04-01-23-0033-00,0.03,42.54,30.54,171.91,305.41,20.46
4/1/2023,06:00:48.841,04-01-23-0033-00,0.03,41.70,31.41,182.01,314.10,20.68
4/1/2023,06:00:48.957,04-01-23-0033-00,0.03,40.56,32.15,175.10,321.48,20.67
4/1/2023,06:00:49.057,04-01-23-0033-00,0.03,39.54,32.74,174.13,327.38,20.90
4/1/2023,06:00:49.173,04-01-23-0033-00,0.03,38.31,33.49,177.96,334.92,20.71
4/1/2023,06:00:49.274,04-01-23-0033-00,0.03,37.07,31.13,173.23,342.46,21.15
4/1/2023,06:00:49.396,04-01-23-0033-00,-0.04,35.48,31.94,170.54,351.31,21.05
4/1/2023,06:00:49.496,04-01-23-0033-00,-0.04,34.13,32.50,178.08,357.54,20.42
4/1/2023,06:00:49.612,04-01-23-0033-00,-0.04,32.59,33.14,171.83,364.59,20.26
4/1/2023,06:00:49.712,04-01-23-0033-00,-0.04,31.29,33.74,168.15,371.15,21.30
4/1/2023,06:00:49.828,04-01-23-0033-00,-0.04,29.89,34.17,171.86,375.90,20.95
4/1/2023,06:00:49.944,04-01-23-0033-00,-0.04,28.69,34.20,175.48,376.23,20.60
4/1/2023,06:00:50.060,04-01-23-0033-00,-0.04,27.34,34.20,174.13,376.23,20.76
4/1/2023,06:00:50.182,04-01-23-0033-00,-0.04,26.06,34.20,179.04,376.23,20.44
4/1/2023,06:00:50.283,04-01-23-0033-00,-0.04,25.02,31.35,177.66,376.23,21.00
4/1/2023,06:00:50.399,04-01-23-0033-00,-0.02,23.81,31.38,180.71,376.56,20.72
4/1/2023,06:00:50.499,04-01-23-0033-00,-0.02,22.89,31.41,178.39,376.89,20.66
4/1/2023,06:00:50.630,04-01-23-0033-00,-0.02,21.88,31.43,183.20,377.21,20.76
4/1/2023,06:00:50.715,04-01-23-0033-00,-0.02,21.10,31.45,172.53,377.38,21.09
4/1/2023,06:00:50.831,04-01-23-0033-00,-0.02,20.25,31.45,173.58,377.38,20.75
4/1/2023,06:00:50.931,04-01-23-0033-00,-0.02,19.60,31.46,177.35,377.54,20.94
4/1/2023,06:00:51.031,04-01-23-0033-00,-0.02,18.89,31.48,174.79,377.70,20.68
4/1/2023,06:00:51.132,04-01-23-0033-00,-0.02,18.32,31.49,182.03,377.87,20.82
4/1/2023,06:00:51.247,04-01-23-0033-00,-0.02,17.74,29.09,170.60,378.20,20.35
4/1/2023,06:00:51.363,04-01-23-0033-00,-0.02,17.24,29.12,176.05,378.52,21.11
4/1/2023,06:00:51.464,04-01-23-0033-00,-0.02,16.83,29.12,176.96,378.52,20.67
4/1/2023,06:00:51.579,04-01-23-0033-00,-0.02,16.44,29.13,169.20,378.69,20.16
4/1/2023,06:00:51.686,04-01-23-0033-00,-0.02,16.15,29.14,177.40,378.85,20.63
4/1/2023,06:00:51.802,04-01-23-0033-00,-0.02,15.76,29.14,173.39,378.85,20.09
4/1/2023,06:00:51.918,04-01-23-0033-00,-0.02,15.51,29.16,175.49,379.02,20.28
4/1/2023,06:00:52.018,04-01-23-0033-00,-0.02,15.24,29.16,172.73,379.02,21.12
4/1/2023,06:00:52.134,04-01-23-0033-00,-0.02,15.02,29.18,170.08,379.34,20.54
4/1/2023,06:00:52.250,04-01-23-0033-00,-0.02,14.84,27.10,176.10,379.34,21.13
4/1/2023,06:00:52.388,04-01-23-0033-00,0.01,14.63,27.13,175.58,379.84,21.00
4/1/2023,06:00:52.519,04-01-23-0033-00,0.01,14.46,27.32,173.64,382.46,21.07
4/1/2023,06:00:52.666,04-01-23-0033-00,0.01,14.29,27.51,169.36,385.08,20.34
4/1/2023,06:00:52.820,04-01-23-0033-00,0.01,14.13,27.59,165.98,386.23,21.33
4/1/2023,06:00:52.967,04-01-23-0033-00,0.01,14.05,27.61,167.36,386.56,20.44
4/1/2023,06:00:53.005,04-01-23-0033-00,0.01,14.00,27.61,173.84,386.56,20.92
4/1/2023,06:00:53.105,04-01-23-0033-00,0.01,13.95,27.61,179.40,386.56,20.35
4/1/2023,06:00:53.221,04-01-23-0033-00,0.01,13.85,25.77,168.03,386.56,20.95
4/1/2023,06:00:53.321,04-01-23-0033-00,0.05,13.80,25.77,166.29,386.56,21.08
4/1/2023,06:00:53.453,04-01-23-0033-00,0.05,13.75,25.77,171.68,386.56,21.27
4/1/2023,06:00:53.537,04-01-23-0033-00,0.05,13.70,26.00,170.51,390.00,20.82
4/1/2023,06:00:53.653,04-01-23-0033-00,0.05,13.69,26.46,169.79,396.89,21.01
4/1/2023,06:00:53.785,04-01-23-0033-00,0.05,13.64,27.04,173.79,405.57,20.34
4/1/2023,06:00:53.869,04-01-23-0033-00,0.05,13.62,27.39,167.35,410.82,20.42
4/1/2023,06:00:53.985,04-01-23-0033-00,0.05,13.56,27.66,168.49,414.92,21.14
4/1/2023,06:00:54.085,04-01-23-0033-00,0.05,13.54,27.93,169.09,419.02,20.35
4/1/2023,06:00:54.208,04-01-23-0033-00,0.05,13.52,26.23,170.31,419.67,21.14
4/1/2023,06:00:54.308,04-01-23-0033-00,0.03,13.51,26.29,165.84,420.66,21.31
4/1/2023,06:00:54.424,04-01-23-0033-00,0.03,13.46,26.32,168.71,421.15,20.52
4/1/2023,06:00:54.524,04-01-23-0033-00,0.03,13.48,26.35,168.11,421.64,20.79
4/1/2023,06:00:54.640,04-01-23-0033-00,0.03,13.41,26.47,168.10,423.44,20.48
4/1/2023,06:00:54.740,04-01-23-0033-00,0.03,13.41,26.69,164.08,427.05,20.74
4/1/2023,06:00:54.856,04-01-23-0033-00,0.03,13.39,27.07,167.91,433.11,21.28
4/1/2023,06:00:54.972,04-01-23-0033-00,0.03,13.36,27.09,179.00,433.44,20.68
4/1/2023,06:00:55.072,04-01-23-0033-00,0.03,13.37,27.09,168.44,433.44,21.01
4/1/2023,06:00:55.188,04-01-23-0033-00,0.03,13.37,27.20,160.29,435.25,20.89
4/1/2023,06:00:55.289,04-01-23-0033-00,0.03,13.40,25.72,164.98,437.21,20.77
4/1/2023,06:00:55.411,04-01-23-0033-00,0.01,13.34,25.72,174.43,437.21,21.12
4/1/2023,06:00:55.511,04-01-23-0033-00,0.01,13.35,25.73,167.99,437.38,21.22
4/1/2023,06:00:55.627,04-01-23-0033-00,0.01,13.37,25.73,167.86,437.38,20.90
4/1/2023,06:00:55.728,04-01-23-0033-00,0.01,13.37,25.73,171.63,437.38,21.02
4/1/2023,06:00:55.843,04-01-23-0033-00,0.01,13.37,25.75,165.91,437.70,21.21
4/1/2023,06:00:55.944,04-01-23-0033-00,0.01,13.39,25.75,164.54,437.70,20.68
4/1/2023,06:00:56.060,04-01-23-0033-00,0.01,13.36,25.75,172.28,437.70,21.05
4/1/2023,06:00:56.175,04-01-23-0033-00,0.01,13.34,25.75,168.84,437.70,20.26
4/1/2023,06:00:56.291,04-01-23-0033-00,0.01,13.35,24.32,164.38,437.70,20.70
4/1/2023,06:00:56.392,04-01-23-0033-00,-0.04,13.34,24.32,170.04,437.70,21.13
4/1/2023,06:00:56.492,04-01-23-0033-00,-0.04,13.34,24.32,172.50,437.70,21.14
4/1/2023,06:00:56.614,04-01-23-0033-00,-0.04,13.35,24.32,174.91,437.70,20.80
4/1/2023,06:00:56.715,04-01-23-0033-00,-0.04,13.36,24.32,171.98,437.70,21.02
4/1/2023,06:00:56.831,04-01-23-0033-00,-0.04,13.36,24.32,168.15,437.70,21.18
4/1/2023,06:00:56.931,04-01-23-0033-00,-0.04,13.39,24.32,167.40,437.70,21.11
4/1/2023,06:00:57.047,04-01-23-0033-00,-0.04,13.39,24.32,167.63,437.70,20.81
4/1/2023,06:00:57.147,04-01-23-0033-00,-0.04,13.41,24.41,169.10,439.34,20.80
4/1/2023,06:00:57.263,04-01-23-0033-00,-0.04,13.42,23.53,171.70,447.05,21.13
4/1/2023,06:00:57.379,04-01-23-0033-00,-0.02,13.45,23.97,165.24,455.41,21.09
4/1/2023,06:00:57.479,04-01-23-0033-00,-0.02,13.44,24.35,164.19,462.62,21.21
4/1/2023,06:00:57.595,04-01-23-0033-00,-0.02,13.45,24.75,168.45,470.33,20.78
4/1/2023,06:00:57.718,04-01-23-0033-00,-0.02,13.45,25.12,173.08,477.21,20.75
4/1/2023,06:00:57.818,04-01-23-0033-00,-0.02,13.48,25.59,169.33,486.23,21.26
4/1/2023,06:00:57.918,04-01-23-0033-00,-0.02,13.50,25.97,167.06,493.44,21.27
4/1/2023,06:00:58.034,04-01-23-0033-00,-0.02,13.51,26.37,167.88,500.98,20.91
4/1/2023,06:00:58.134,04-01-23-0033-00,-0.02,13.50,26.72,176.83,507.70,20.94
4/1/2023,06:00:58.250,04-01-23-0033-00,-0.02,13.50,25.80,167.41,515.90,21.24
4/1/2023,06:00:58.351,04-01-23-0033-00,-0.01,13.54,26.13,174.18,522.62,21.12
4/1/2023,06:00:58.467,04-01-23-0033-00,-0.01,13.53,26.54,164.68,530.82,21.16
4/1/2023,06:00:58.582,04-01-23-0033-00,-0.01,13.57,26.95,169.44,539.02,20.78
4/1/2023,06:00:58.683,04-01-23-0033-00,-0.01,13.57,27.29,166.51,545.74,20.83
4/1/2023,06:00:58.805,04-01-23-0033-00,-0.01,13.61,27.66,167.63,553.11,21.24
4/1/2023,06:00:58.905,04-01-23-0033-00,-0.01,13.60,27.70,169.00,554.10,21.22
4/1/2023,06:00:59.021,04-01-23-0033-00,-0.01,13.60,27.70,165.08,554.10,20.59
4/1/2023,06:00:59.137,04-01-23-0033-00,-0.01,13.61,27.94,169.49,558.85,21.06
4/1/2023,06:00:59.269,04-01-23-0033-00,-0.01,13.63,26.64,166.46,559.34,21.32
4/1/2023,06:00:59.353,04-01-23-0033-00,0.05,13.65,26.64,165.96,559.34,21.32
4/1/2023,06:00:59.469,04-01-23-0033-00,0.05,13.63,26.64,166.80,559.34,20.67
4/1/2023,06:00:59.570,04-01-23-0033-00,0.05,13.64,26.64,167.55,559.34,20.70
4/1/2023,06:00:59.686,04-01-23-0033-00,0.05,13.61,26.64,168.65,559.34,21.19
4/1/2023,06:00:59.801,04-01-23-0033-00,0.05,13.60,26.64,173.75,559.34,20.79
4/1/2023,06:00:59.902,04-01-23-0033-00,0.05,13.60,26.64,172.13,559.34,20.81
4/1/2023,06:01:00.024,04-01-23-0033-00,0.05,13.61,26.64,168.53,559.34,21.24
4/1/2023,06:01:00.140,04-01-23-0033-00,0.05,13.62,26.64,171.43,559.34,20.69
4/1/2023,06:01:00.240,04-01-23-0033-00,0.05,13.65,25.42,164.34,559.34,21.15
4/1/2023,06:01:00.372,04-01-23-0033-00,0.04,13.64,25.43,157.03,559.51,21.04
4/1/2023,06:01:00.488,04-01-23-0033-00,0.04,13.69,25.43,166.81,559.51,20.46
4/1/2023,06:01:00.572,04-01-23-0033-00,0.04,13.68,25.43,165.78,559.51,20.50
4/1/2023,06:01:00.704,04-01-23-0033-00,0.04,13.69,25.43,169.59,559.51,20.98
4/1/2023,06:01:00.804,04-01-23-0033-00,0.04,13.70,25.43,170.66,559.51,20.96
4/1/2023,06:01:00.904,04-01-23-0033-00,0.04,13.68,25.43,168.88,559.51,21.16
4/1/2023,06:01:01.027,04-01-23-0033-00,0.04,13.66,25.43,164.70,559.51,20.69
4/1/2023,06:01:01.143,04-01-23-0033-00,0.04,13.65,25.43,173.01,559.51,20.60
4/1/2023,06:01:01.243,04-01-23-0033-00,0.04,13.65,24.33,166.01,559.51,20.46
4/1/2023,06:01:01.359,04-01-23-0033-00,0.03,13.62,24.33,167.70,559.51,21.06
4/1/2023,06:01:01.459,04-01-23-0033-00,0.03,13.62,24.33,169.89,559.51,21.06
4/1/2023,06:01:01.575,04-01-23-0033-00,0.03,13.64,24.33,167.06,559.51,21.30
4/1/2023,06:01:01.691,04-01-23-0033-00,0.03,13.64,24.33,166.60,559.51,20.29
4/1/2023,06:01:01.791,04-01-23-0033-00,0.03,13.64,24.33,158.74,559.51,21.43
4/1/2023,06:01:01.907,04-01-23-0033-00,0.03,13.67,24.33,165.81,559.67,20.64
4/1/2023,06:01:02.029,04-01-23-0033-00,0.03,13.66,24.33,169.49,559.67,20.78
4/1/2023,06:01:02.130,04-01-23-0033-00,0.03,13.65,24.33,168.73,559.67,21.21
4/1/2023,06:01:02.230,04-01-23-0033-00,0.03,13.66,23.32,168.50,559.67,21.18
4/1/2023,06:01:02.346,04-01-23-0033-00,-0.03,13.69,23.32,166.48,559.67,21.32
4/1/2023,06:01:02.446,04-01-23-0033-00,-0.03,13.68,23.32,165.61,559.67,21.29
4/1/2023,06:01:02.562,04-01-23-0033-00,-0.03,13.67,23.32,162.50,559.67,21.16
4/1/2023,06:01:02.662,04-01-23-0033-00,-0.03,13.68,23.32,164.99,559.67,21.14
4/1/2023,06:01:02.794,04-01-23-0033-00,-0.03,13.67,23.32,169.23,559.67,20.67
4/1/2023,06:01:02.894,04-01-23-0033-00,-0.03,13.65,23.32,171.45,559.67,21.05
4/1/2023,06:01:02.994,04-01-23-0033-00,-0.03,13.64,23.32,170.15,559.67,20.97
4/1/2023,06:01:03.110,04-01-23-0033-00,-0.03,13.68,23.32,170.63,559.67,21.13
4/1/2023,06:01:03.210,04-01-23-0033-00,-0.03,13.68,22.39,165.74,559.67,21.31
4/1/2023,06:01:03.348,04-01-23-0033-00,-0.05,13.68,22.39,172.06,559.67,20.82
4/1/2023,06:01:03.433,04-01-23-0033-00,-0.05,13.68,22.39,166.48,559.67,21.06
4/1/2023,06:01:03.549,04-01-23-0033-00,-0.05,13.71,22.39,167.39,559.67,20.62
4/1/2023,06:01:03.649,04-01-23-0033-00,-0.05,13.69,22.39,164.60,559.67,20.85
4/1/2023,06:01:03.781,04-01-23-0033-00,-0.05,13.70,22.39,167.38,559.67,21.06
4/1/2023,06:01:03.865,04-01-23-0033-00,-0.05,13.70,22.39,164.54,559.84,21.13
4/1/2023,06:01:03.981,04-01-23-0033-00,-0.05,13.71,22.39,162.18,559.84,21.10
4/1/2023,06:01:04.097,04-01-23-0033-00,-0.05,13.70,22.39,166.24,559.84,21.11
4/1/2023,06:01:04.197,04-01-23-0033-00,-0.05,13.70,22.39,167.49,559.84,21.02
4/1/2023,06:01:04.313,04-01-23-0033-00,-0.01,13.70,21.53,169.91,559.84,21.16
4/1/2023,06:01:04.413,04-01-23-0033-00,-0.01,13.69,21.53,170.65,559.84,21.09
4/1/2023,06:01:04.536,04-01-23-0033-00,-0.01,13.70,21.53,165.00,559.84,21.22
4/1/2023,06:01:04.636,04-01-23-0033-00,-0.01,13.72,21.53,164.65,559.84,21.30
4/1/2023,06:01:04.752,04-01-23-0033-00,-0.01,13.67,21.53,162.26,559.84,21.13
4/1/2023,06:01:04.852,04-01-23-0033-00,-0.01,13.67,21.53,164.00,559.84,21.34
4/1/2023,06:01:04.968,04-01-23-0033-00,-0.01,13.65,21.53,169.74,559.84,20.49
4/1/2023,06:01:05.068,04-01-23-0033-00,-0.01,13.64,21.53,168.99,559.84,20.53
4/1/2023,06:01:05.200,04-01-23-0033-00,-0.01,13.66,21.53,169.79,559.84,20.84
4/1/2023,06:01:05.300,04-01-23-0033-00,-0.01,13.68,20.73,170.99,559.84,21.16
4/1/2023,06:01:05.400,04-01-23-0033-00,-0.02,13.66,20.73,168.46,559.84,21.19
4/1/2023,06:01:05.516,04-01-23-0033-00,-0.02,13.70,20.73,164.74,559.84,21.33
4/1/2023,06:01:05.617,04-01-23-0033-00,-0.02,13.69,20.73,167.70,559.84,21.29
4/1/2023,06:01:05.739,04-01-23-0033-00,-0.02,13.64,20.74,163.29,560.00,20.76
4/1/2023,06:01:05.839,04-01-23-0033-00,-0.02,13.63,20.74,164.01,560.00,20.86
4/1/2023,06:01:05.955,04-01-23-0033-00,-0.02,13.66,20.74,165.95,560.00,20.91
4/1/2023,06:01:06.055,04-01-23-0033-00,-0.02,13.62,20.74,169.84,560.00,20.94
4/1/2023,06:01:06.171,04-01-23-0033-00,-0.02,13.62,20.74,166.81,560.00,21.19
4/1/2023,06:01:06.272,04-01-23-0033-00,-0.02,13.59,20.00,167.60,560.00,21.14
4/1/2023,06:01:06.387,04-01-23-0033-00,0.05,13.59,20.01,164.34,560.16,21.29
4/1/2023,06:01:06.503,04-01-23-0033-00,0.05,13.54,20.01,161.59,560.16,20.93
4/1/2023,06:01:06.604,04-01-23-0033-00,0.05,13.53,20.01,176.03,560.33,20.98
4/1/2023,06:01:06.742,04-01-23-0033-00,0.05,13.56,20.02,158.50,560.49,20.98
4/1/2023,06:01:06.820,04-01-23-0033-00,0.05,13.56,20.02,165.40,560.66,20.76
4/1/2023,06:01:06.942,04-01-23-0033-00,0.05,13.54,20.02,169.41,560.66,20.81
4/1/2023,06:01:07.043,04-01-23-0033-00,0.05,13.56,20.02,168.00,560.66,20.79
4/1/2023,06:01:07.159,04-01-23-0033-00,0.05,13.57,20.03,167.06,560.82,21.09
4/1/2023,06:01:07.259,04-01-23-0033-00,0.05,13.53,19.34,167.11,560.82,20.89
4/1/2023,06:01:07.375,04-01-23-0033-00,0.03,13.55,19.34,168.21,560.98,21.16
4/1/2023,06:01:07.491,04-01-23-0033-00,0.03,13.54,19.34,169.35,560.98,21.12
4/1/2023,06:01:07.591,04-01-23-0033-00,0.03,13.55,19.34,165.18,560.98,21.29
4/1/2023,06:01:07.707,04-01-23-0033-00,0.03,13.53,19.34,160.54,560.98,21.23
4/1/2023,06:01:07.807,04-01-23-0033-00,0.03,13.53,19.34,165.16,560.98,21.28
4/1/2023,06:01:07.923,04-01-23-0033-00,0.03,13.52,19.34,166.13,560.98,20.62
4/1/2023,06:01:08.046,04-01-23-0033-00,0.03,13.53,19.34,166.75,560.98,20.17
4/1/2023,06:01:08.146,04-01-23-0033-00,0.03,13.53,19.34,170.51,560.98,20.91
4/1/2023,06:01:08.246,04-01-23-0033-00,0.03,13.53,18.70,168.59,560.98,20.76
4/1/2023,06:01:08.362,04-01-23-0033-00,0.03,13.53,18.70,168.55,560.98,21.14
4/1/2023,06:01:08.478,04-01-23-0033-00,0.03,13.50,18.70,170.28,560.98,21.00
4/1/2023,06:01:08.578,04-01-23-0033-00,0.03,13.48,18.70,167.75,560.98,21.21
4/1/2023,06:01:08.679,04-01-23-0033-00,0.03,13.48,18.70,168.93,560.98,21.16
4/1/2023,06:01:08.810,04-01-23-0033-00,0.03,13.48,18.70,161.45,560.98,21.09
4/1/2023,06:01:08.910,04-01-23-0033-00,0.03,13.48,18.70,165.44,560.98,20.48
4/1/2023,06:01:09.011,04-01-23-0033-00,0.03,13.48,18.70,162.54,560.98,20.67
4/1/2023,06:01:09.127,04-01-23-0033-00,0.03,13.48,18.70,165.43,560.98,20.67
4/1/2023,06:01:09.227,04-01-23-0033-00,0.03,13.48,18.10,164.49,560.98,20.61
4/1/2023,06:01:09.349,04-01-23-0033-00,0.01,13.45,18.10,169.06,560.98,21.01
4/1/2023,06:01:09.450,04-01-23-0033-00,0.01,13.46,18.10,166.73,560.98,20.77
4/1/2023,06:01:09.566,04-01-23-0033-00,0.01,13.46,18.15,168.96,562.62,20.97
4/1/2023,06:01:09.666,04-01-23-0033-00,0.01,13.47,18.36,168.70,569.02,20.90
4/1/2023,06:01:09.782,04-01-23-0033-00,0.01,13.44,18.61,177.14,576.89,21.18
4/1/2023,06:01:09.882,04-01-23-0033-00,0.01,13.43,18.83,169.48,583.61,20.96
4/1/2023,06:01:09.998,04-01-23-0033-00,0.01,13.42,18.83,168.20,583.61,21.13
4/1/2023,06:01:10.136,04-01-23-0033-00,0.01,13.38,18.83,166.66,583.61,21.38
4/1/2023,06:01:10.236,04-01-23-0033-00,0.01,13.40,18.24,168.24,583.61,21.23
4/1/2023,06:01:10.352,04-01-23-0033-00,-0.04,13.39,18.24,165.60,583.61,20.85
4/1/2023,06:01:10.452,04-01-23-0033-00,-0.04,13.40,18.38,169.19,588.20,21.16
4/1/2023,06:01:10.568,04-01-23-0033-00,-0.04,13.37,18.52,70.33,592.62,33.72
4/1/2023,06:01:10.668,04-01-23-0033-00,-0.04,13.37,18.54,0.00,593.28,0.00
4/1/2023,06:01:10.784,04-01-23-0033-00,-0.04,13.38,18.55,0.00,593.44,0.00
4/1/2023,06:01:10.885,04-01-23-0033-00,-0.04,13.40,18.55,0.00,593.61,0.00
4/1/2023,06:01:11.000,04-01-23-0033-00,-0.04,13.39,18.55,0.00,593.61,0.00
4/1/2023,06:01:11.085,04-01-23-0033-00,-0.04,13.40,18.55,0.00,593.61,0.00
4/1/2023,06:01:11.201,04-01-23-0033-00,-0.04,13.43,18.56,0.00,593.77,0.00
4/1/2023,06:01:11.317,04-01-23-0033-00,0.08,13.40,17.99,0.00,593.77,0.00
4/1/2023,06:01:11.433,04-01-23-0033-00,0.08,13.40,18.00,0.00,593.93,0.00
4/1/2023,06:01:11.533,04-01-23-0033-00,0.08,13.37,18.00,0.00,593.93,0.00
4/1/2023,06:01:11.633,04-01-23-0033-00,0.08,13.38,18.00,0.00,593.93,0.00
4/1/2023,06:01:11.756,04-01-23-0033-00,0.08,13.37,18.00,0.00,593.93,0.00
4/1/2023,06:01:11.856,04-01-23-0033-00,0.08,13.39,18.00,0.00,593.93,0.00
4/1/2023,06:01:11.972,04-01-23-0033-00,0.08,13.35,18.00,0.00,593.93,0.00
4/1/2023,06:01:12.072,04-01-23-0033-00,0.08,13.34,18.00,0.00,593.93,0.00
4/1/2023,06:01:12.188,04-01-23-0033-00,0.08,13.32,18.00,0.00,593.93,0.00
4/1/2023,06:01:12.304,04-01-23-0033-00,0.69,13.28,17.47,0.00,593.93,0.00
4/1/2023,06:01:12.442,04-01-23-0033-00,0.69,13.17,17.47,0.00,593.93,0.00
4/1/2023,06:01:12.573,04-01-23-0033-00,0.69,13.04,17.47,0.00,593.93,0.00
4/1/2023,06:01:12.736,04-01-23-0033-00,0.69,12.83,17.47,0.00,593.93,0.00
4/1/2023,06:01:12.874,04-01-23-0033-00,0.69,12.84,17.47,0.00,593.93,0.00
4/1/2023,06:01:13.021,04-01-23-0033-00,0.69,12.18,17.47,0.00,593.93,0.00
4/1/2023,06:01:13.059,04-01-23-0033-00,0.69,12.14,17.47,0.00,593.93,0.00
4/1/2023,06:01:13.175,04-01-23-0033-00,0.69,11.79,17.47,0.00,593.93,0.00
4/1/2023,06:01:13.275,04-01-23-0033-00,0.69,11.48,16.97,0.00,593.93,0.00
4/1/2023,06:01:13.406,04-01-23-0033-00,1.38,11.06,16.97,0.00,593.93,0.00
4/1/2023,06:01:13.491,04-01-23-0033-00,1.38,10.63,16.97,0.00,593.93,0.00
4/1/2023,06:01:13.607,04-01-23-0033-00,1.38,10.13,16.97,0.00,593.93,0.00
4/1/2023,06:01:13.723,04-01-23-0033-00,1.38,9.63,16.97,0.00,593.93,0.00
4/1/2023,06:01:13.823,04-01-23-0033-00,1.38,9.15,16.97,0.00,593.93,0.00
4/1/2023,06:01:13.961,04-01-23-0033-00,1.38,8.64,16.97,0.00,593.93,0.00
4/1/2023,06:01:14.039,04-01-23-0033-00,1.38,8.21,16.97,0.00,593.93,0.00
4/1/2023,06:01:14.162,04-01-23-0033-00,1.38,7.64,16.97,0.00,593.93,0.00
4/1/2023,06:01:14.262,04-01-23-0033-00,1.38,7.20,16.50,0.00,593.93,0.00
4/1/2023,06:01:14.378,04-01-23-0033-00,1.97,6.74,16.50,0.00,593.93,0.00
4/1/2023,06:01:14.494,04-01-23-0033-00,1.97,6.34,16.50,0.00,593.93,0.00
4/1/2023,06:01:14.594,04-01-23-0033-00,1.97,5.90,16.50,0.00,593.93,0.00
4/1/2023,06:01:14.694,04-01-23-0033-00,1.97,5.54,16.50,0.00,593.93,0.00
4/1/2023,06:01:14.810,04-01-23-0033-00,1.97,5.16,16.50,0.00,593.93,0.00
4/1/2023,06:01:14.926,04-01-23-0033-00,1.97,4.75,16.50,0.00,593.93,0.00
4/1/2023,06:01:15.026,04-01-23-0033-00,1.97,4.45,16.50,0.00,593.93,0.00
4/1/2023,06:01:15.142,04-01-23-0033-00,1.97,4.08,16.50,0.00,593.93,0.00
4/1/2023,06:01:15.242,04-01-23-0033-00,1.97,3.80,16.05,0.00,593.93,0.00
4/1/2023,06:01:15.365,04-01-23-0033-00,2.46,3.52,16.05,0.00,593.93,0.00
4/1/2023,06:01:15.465,04-01-23-0033-00,2.46,3.27,16.05,0.00,593.93,0.00
4/1/2023,06:01:15.581,04-01-23-0033-00,2.46,3.00,16.05,0.00,593.93,0.00
